Username,Rating 30 Days Ago,Rating History
Nivas,1580,"[{""date"":""12/1/2024"",""rating"":1580},{""date"":""13/1/2024"",""rating"":1614},{""date"":""14/1/2024"",""rating"":1648},{""date"":""15/1/2024"",""rating"":1682},{""date"":""16/1/2024"",""rating"":1716},{""date"":""17/1/2024"",""rating"":1750},{""date"":""18/1/2024"",""rating"":1784},{""date"":""19/1/2024"",""rating"":1818},{""date"":""20/1/2024"",""rating"":1852},{""date"":""21/1/2024"",""rating"":1886},{""date"":""22/1/2024"",""rating"":1920},{""date"":""23/1/2024"",""rating"":1954},{""date"":""24/1/2024"",""rating"":1988},{""date"":""25/1/2024"",""rating"":2022},{""date"":""26/1/2024"",""rating"":2056},{""date"":""27/1/2024"",""rating"":2090},{""date"":""28/1/2024"",""rating"":2124},{""date"":""29/1/2024"",""rating"":2158},{""date"":""30/1/2024"",""rating"":2192},{""date"":""31/1/2024"",""rating"":2226},{""date"":""1/2/2024"",""rating"":2260},{""date"":""2/2/2024"",""rating"":2294},{""date"":""3/2/2024"",""rating"":2328},{""date"":""4/2/2024"",""rating"":2362},{""date"":""5/2/2024"",""rating"":2396},{""date"":""6/2/2024"",""rating"":2430},{""date"":""7/2/2024"",""rating"":2464},{""date"":""8/2/2024"",""rating"":2498},{""date"":""9/2/2024"",""rating"":2532},{""date"":""10/2/2024"",""rating"":2566},{""date"":""11/2/2024"",""rating"":2600}]"
Sharkfang,1317,"[{""date"":""12/1/2024"",""rating"":1317},{""date"":""13/1/2024"",""rating"":1358},{""date"":""14/1/2024"",""rating"":1399},{""date"":""15/1/2024"",""rating"":1440},{""date"":""16/1/2024"",""rating"":1481},{""date"":""17/1/2024"",""rating"":1522},{""date"":""18/1/2024"",""rating"":1563},{""date"":""19/1/2024"",""rating"":1604},{""date"":""20/1/2024"",""rating"":1645},{""date"":""21/1/2024"",""rating"":1686},{""date"":""22/1/2024"",""rating"":1727},{""date"":""23/1/2024"",""rating"":1768},{""date"":""24/1/2024"",""rating"":1809},{""date"":""25/1/2024"",""rating"":1850},{""date"":""26/1/2024"",""rating"":1891},{""date"":""27/1/2024"",""rating"":1932},{""date"":""28/1/2024"",""rating"":1973},{""date"":""29/1/2024"",""rating"":2014},{""date"":""30/1/2024"",""rating"":2055},{""date"":""31/1/2024"",""rating"":2096},{""date"":""1/2/2024"",""rating"":2137},{""date"":""2/2/2024"",""rating"":2178},{""date"":""3/2/2024"",""rating"":2219},{""date"":""4/2/2024"",""rating"":2260},{""date"":""5/2/2024"",""rating"":2301},{""date"":""6/2/2024"",""rating"":2342},{""date"":""7/2/2024"",""rating"":2383},{""date"":""8/2/2024"",""rating"":2424},{""date"":""9/2/2024"",""rating"":2465},{""date"":""10/2/2024"",""rating"":2506},{""date"":""11/2/2024"",""rating"":2547}]"
strategyforchess,924,"[{""date"":""12/1/2024"",""rating"":924},{""date"":""13/1/2024"",""rating"":978},{""date"":""14/1/2024"",""rating"":1032},{""date"":""15/1/2024"",""rating"":1086},{""date"":""16/1/2024"",""rating"":1140},{""date"":""17/1/2024"",""rating"":1194},{""date"":""18/1/2024"",""rating"":1248},{""date"":""19/1/2024"",""rating"":1302},{""date"":""20/1/2024"",""rating"":1356},{""date"":""21/1/2024"",""rating"":1410},{""date"":""22/1/2024"",""rating"":1464},{""date"":""23/1/2024"",""rating"":1518},{""date"":""24/1/2024"",""rating"":1572},{""date"":""25/1/2024"",""rating"":1626},{""date"":""26/1/2024"",""rating"":1680},{""date"":""27/1/2024"",""rating"":1734},{""date"":""28/1/2024"",""rating"":1788},{""date"":""29/1/2024"",""rating"":1842},{""date"":""30/1/2024"",""rating"":1896},{""date"":""31/1/2024"",""rating"":1950},{""date"":""1/2/2024"",""rating"":2004},{""date"":""2/2/2024"",""rating"":2058},{""date"":""3/2/2024"",""rating"":2112},{""date"":""4/2/2024"",""rating"":2166},{""date"":""5/2/2024"",""rating"":2220},{""date"":""6/2/2024"",""rating"":2274},{""date"":""7/2/2024"",""rating"":2328},{""date"":""8/2/2024"",""rating"":2382},{""date"":""9/2/2024"",""rating"":2436},{""date"":""10/2/2024"",""rating"":2490},{""date"":""11/2/2024"",""rating"":2544}]"
OjaiJoao,3088,"[{""date"":""12/1/2024"",""rating"":3088},{""date"":""13/1/2024"",""rating"":3069},{""date"":""14/1/2024"",""rating"":3050},{""date"":""15/1/2024"",""rating"":3031},{""date"":""16/1/2024"",""rating"":3012},{""date"":""17/1/2024"",""rating"":2993},{""date"":""18/1/2024"",""rating"":2974},{""date"":""19/1/2024"",""rating"":2955},{""date"":""20/1/2024"",""rating"":2936},{""date"":""21/1/2024"",""rating"":2917},{""date"":""22/1/2024"",""rating"":2898},{""date"":""23/1/2024"",""rating"":2879},{""date"":""24/1/2024"",""rating"":2860},{""date"":""25/1/2024"",""rating"":2841},{""date"":""26/1/2024"",""rating"":2822},{""date"":""27/1/2024"",""rating"":2803},{""date"":""28/1/2024"",""rating"":2784},{""date"":""29/1/2024"",""rating"":2765},{""date"":""30/1/2024"",""rating"":2746},{""date"":""31/1/2024"",""rating"":2727},{""date"":""1/2/2024"",""rating"":2708},{""date"":""2/2/2024"",""rating"":2689},{""date"":""3/2/2024"",""rating"":2670},{""date"":""4/2/2024"",""rating"":2651},{""date"":""5/2/2024"",""rating"":2632},{""date"":""6/2/2024"",""rating"":2613},{""date"":""7/2/2024"",""rating"":2594},{""date"":""8/2/2024"",""rating"":2575},{""date"":""9/2/2024"",""rating"":2556},{""date"":""10/2/2024"",""rating"":2537},{""date"":""11/2/2024"",""rating"":2518}]"
Sayali,1510,"[{""date"":""12/1/2024"",""rating"":1510},{""date"":""13/1/2024"",""rating"":1543},{""date"":""14/1/2024"",""rating"":1576},{""date"":""15/1/2024"",""rating"":1609},{""date"":""16/1/2024"",""rating"":1642},{""date"":""17/1/2024"",""rating"":1675},{""date"":""18/1/2024"",""rating"":1708},{""date"":""19/1/2024"",""rating"":1741},{""date"":""20/1/2024"",""rating"":1774},{""date"":""21/1/2024"",""rating"":1807},{""date"":""22/1/2024"",""rating"":1840},{""date"":""23/1/2024"",""rating"":1873},{""date"":""24/1/2024"",""rating"":1906},{""date"":""25/1/2024"",""rating"":1939},{""date"":""26/1/2024"",""rating"":1972},{""date"":""27/1/2024"",""rating"":2005},{""date"":""28/1/2024"",""rating"":2038},{""date"":""29/1/2024"",""rating"":2071},{""date"":""30/1/2024"",""rating"":2104},{""date"":""31/1/2024"",""rating"":2137},{""date"":""1/2/2024"",""rating"":2170},{""date"":""2/2/2024"",""rating"":2203},{""date"":""3/2/2024"",""rating"":2236},{""date"":""4/2/2024"",""rating"":2269},{""date"":""5/2/2024"",""rating"":2302},{""date"":""6/2/2024"",""rating"":2335},{""date"":""7/2/2024"",""rating"":2368},{""date"":""8/2/2024"",""rating"":2401},{""date"":""9/2/2024"",""rating"":2434},{""date"":""10/2/2024"",""rating"":2467},{""date"":""11/2/2024"",""rating"":2500}]"
ChessTheory64,1930,"[{""date"":""12/1/2024"",""rating"":1930},{""date"":""13/1/2024"",""rating"":1948},{""date"":""14/1/2024"",""rating"":1966},{""date"":""15/1/2024"",""rating"":1984},{""date"":""16/1/2024"",""rating"":2002},{""date"":""17/1/2024"",""rating"":2020},{""date"":""18/1/2024"",""rating"":2038},{""date"":""19/1/2024"",""rating"":2056},{""date"":""20/1/2024"",""rating"":2074},{""date"":""21/1/2024"",""rating"":2092},{""date"":""22/1/2024"",""rating"":2110},{""date"":""23/1/2024"",""rating"":2128},{""date"":""24/1/2024"",""rating"":2146},{""date"":""25/1/2024"",""rating"":2164},{""date"":""26/1/2024"",""rating"":2182},{""date"":""27/1/2024"",""rating"":2200},{""date"":""28/1/2024"",""rating"":2218},{""date"":""29/1/2024"",""rating"":2236},{""date"":""30/1/2024"",""rating"":2254},{""date"":""31/1/2024"",""rating"":2272},{""date"":""1/2/2024"",""rating"":2290},{""date"":""2/2/2024"",""rating"":2308},{""date"":""3/2/2024"",""rating"":2326},{""date"":""4/2/2024"",""rating"":2344},{""date"":""5/2/2024"",""rating"":2362},{""date"":""6/2/2024"",""rating"":2380},{""date"":""7/2/2024"",""rating"":2398},{""date"":""8/2/2024"",""rating"":2416},{""date"":""9/2/2024"",""rating"":2434},{""date"":""10/2/2024"",""rating"":2452},{""date"":""11/2/2024"",""rating"":2470}]"
kc6,2076,"[{""date"":""12/1/2024"",""rating"":2076},{""date"":""13/1/2024"",""rating"":2089},{""date"":""14/1/2024"",""rating"":2102},{""date"":""15/1/2024"",""rating"":2115},{""date"":""16/1/2024"",""rating"":2128},{""date"":""17/1/2024"",""rating"":2141},{""date"":""18/1/2024"",""rating"":2154},{""date"":""19/1/2024"",""rating"":2167},{""date"":""20/1/2024"",""rating"":2180},{""date"":""21/1/2024"",""rating"":2193},{""date"":""22/1/2024"",""rating"":2206},{""date"":""23/1/2024"",""rating"":2219},{""date"":""24/1/2024"",""rating"":2232},{""date"":""25/1/2024"",""rating"":2245},{""date"":""26/1/2024"",""rating"":2258},{""date"":""27/1/2024"",""rating"":2271},{""date"":""28/1/2024"",""rating"":2284},{""date"":""29/1/2024"",""rating"":2297},{""date"":""30/1/2024"",""rating"":2310},{""date"":""31/1/2024"",""rating"":2323},{""date"":""1/2/2024"",""rating"":2336},{""date"":""2/2/2024"",""rating"":2349},{""date"":""3/2/2024"",""rating"":2362},{""date"":""4/2/2024"",""rating"":2375},{""date"":""5/2/2024"",""rating"":2388},{""date"":""6/2/2024"",""rating"":2401},{""date"":""7/2/2024"",""rating"":2414},{""date"":""8/2/2024"",""rating"":2427},{""date"":""9/2/2024"",""rating"":2440},{""date"":""10/2/2024"",""rating"":2453},{""date"":""11/2/2024"",""rating"":2466}]"
lion2006-45,3613,"[{""date"":""12/1/2024"",""rating"":3613},{""date"":""13/1/2024"",""rating"":3574},{""date"":""14/1/2024"",""rating"":3535},{""date"":""15/1/2024"",""rating"":3496},{""date"":""16/1/2024"",""rating"":3457},{""date"":""17/1/2024"",""rating"":3418},{""date"":""18/1/2024"",""rating"":3379},{""date"":""19/1/2024"",""rating"":3340},{""date"":""20/1/2024"",""rating"":3301},{""date"":""21/1/2024"",""rating"":3262},{""date"":""22/1/2024"",""rating"":3223},{""date"":""23/1/2024"",""rating"":3184},{""date"":""24/1/2024"",""rating"":3145},{""date"":""25/1/2024"",""rating"":3106},{""date"":""26/1/2024"",""rating"":3067},{""date"":""27/1/2024"",""rating"":3028},{""date"":""28/1/2024"",""rating"":2989},{""date"":""29/1/2024"",""rating"":2950},{""date"":""30/1/2024"",""rating"":2911},{""date"":""31/1/2024"",""rating"":2872},{""date"":""1/2/2024"",""rating"":2833},{""date"":""2/2/2024"",""rating"":2794},{""date"":""3/2/2024"",""rating"":2755},{""date"":""4/2/2024"",""rating"":2716},{""date"":""5/2/2024"",""rating"":2677},{""date"":""6/2/2024"",""rating"":2638},{""date"":""7/2/2024"",""rating"":2599},{""date"":""8/2/2024"",""rating"":2560},{""date"":""9/2/2024"",""rating"":2521},{""date"":""10/2/2024"",""rating"":2482},{""date"":""11/2/2024"",""rating"":2443}]"
alp_arslan92,1504,"[{""date"":""12/1/2024"",""rating"":1504},{""date"":""13/1/2024"",""rating"":1535},{""date"":""14/1/2024"",""rating"":1566},{""date"":""15/1/2024"",""rating"":1597},{""date"":""16/1/2024"",""rating"":1628},{""date"":""17/1/2024"",""rating"":1659},{""date"":""18/1/2024"",""rating"":1690},{""date"":""19/1/2024"",""rating"":1721},{""date"":""20/1/2024"",""rating"":1752},{""date"":""21/1/2024"",""rating"":1783},{""date"":""22/1/2024"",""rating"":1814},{""date"":""23/1/2024"",""rating"":1845},{""date"":""24/1/2024"",""rating"":1876},{""date"":""25/1/2024"",""rating"":1907},{""date"":""26/1/2024"",""rating"":1938},{""date"":""27/1/2024"",""rating"":1969},{""date"":""28/1/2024"",""rating"":2000},{""date"":""29/1/2024"",""rating"":2031},{""date"":""30/1/2024"",""rating"":2062},{""date"":""31/1/2024"",""rating"":2093},{""date"":""1/2/2024"",""rating"":2124},{""date"":""2/2/2024"",""rating"":2155},{""date"":""3/2/2024"",""rating"":2186},{""date"":""4/2/2024"",""rating"":2217},{""date"":""5/2/2024"",""rating"":2248},{""date"":""6/2/2024"",""rating"":2279},{""date"":""7/2/2024"",""rating"":2310},{""date"":""8/2/2024"",""rating"":2341},{""date"":""9/2/2024"",""rating"":2372},{""date"":""10/2/2024"",""rating"":2403},{""date"":""11/2/2024"",""rating"":2434}]"
Thorwald5,2131,"[{""date"":""12/1/2024"",""rating"":2131},{""date"":""13/1/2024"",""rating"":2141},{""date"":""14/1/2024"",""rating"":2151},{""date"":""15/1/2024"",""rating"":2161},{""date"":""16/1/2024"",""rating"":2171},{""date"":""17/1/2024"",""rating"":2181},{""date"":""18/1/2024"",""rating"":2191},{""date"":""19/1/2024"",""rating"":2201},{""date"":""20/1/2024"",""rating"":2211},{""date"":""21/1/2024"",""rating"":2221},{""date"":""22/1/2024"",""rating"":2231},{""date"":""23/1/2024"",""rating"":2241},{""date"":""24/1/2024"",""rating"":2251},{""date"":""25/1/2024"",""rating"":2261},{""date"":""26/1/2024"",""rating"":2271},{""date"":""27/1/2024"",""rating"":2281},{""date"":""28/1/2024"",""rating"":2291},{""date"":""29/1/2024"",""rating"":2301},{""date"":""30/1/2024"",""rating"":2311},{""date"":""31/1/2024"",""rating"":2321},{""date"":""1/2/2024"",""rating"":2331},{""date"":""2/2/2024"",""rating"":2341},{""date"":""3/2/2024"",""rating"":2351},{""date"":""4/2/2024"",""rating"":2361},{""date"":""5/2/2024"",""rating"":2371},{""date"":""6/2/2024"",""rating"":2381},{""date"":""7/2/2024"",""rating"":2391},{""date"":""8/2/2024"",""rating"":2401},{""date"":""9/2/2024"",""rating"":2411},{""date"":""10/2/2024"",""rating"":2421},{""date"":""11/2/2024"",""rating"":2431}]"
Konnov_Oleg,3163,"[{""date"":""12/1/2024"",""rating"":3163},{""date"":""13/1/2024"",""rating"":3138},{""date"":""14/1/2024"",""rating"":3113},{""date"":""15/1/2024"",""rating"":3088},{""date"":""16/1/2024"",""rating"":3063},{""date"":""17/1/2024"",""rating"":3038},{""date"":""18/1/2024"",""rating"":3013},{""date"":""19/1/2024"",""rating"":2988},{""date"":""20/1/2024"",""rating"":2963},{""date"":""21/1/2024"",""rating"":2938},{""date"":""22/1/2024"",""rating"":2913},{""date"":""23/1/2024"",""rating"":2888},{""date"":""24/1/2024"",""rating"":2863},{""date"":""25/1/2024"",""rating"":2838},{""date"":""26/1/2024"",""rating"":2813},{""date"":""27/1/2024"",""rating"":2788},{""date"":""28/1/2024"",""rating"":2763},{""date"":""29/1/2024"",""rating"":2738},{""date"":""30/1/2024"",""rating"":2713},{""date"":""31/1/2024"",""rating"":2688},{""date"":""1/2/2024"",""rating"":2663},{""date"":""2/2/2024"",""rating"":2638},{""date"":""3/2/2024"",""rating"":2613},{""date"":""4/2/2024"",""rating"":2588},{""date"":""5/2/2024"",""rating"":2563},{""date"":""6/2/2024"",""rating"":2538},{""date"":""7/2/2024"",""rating"":2513},{""date"":""8/2/2024"",""rating"":2488},{""date"":""9/2/2024"",""rating"":2463},{""date"":""10/2/2024"",""rating"":2438},{""date"":""11/2/2024"",""rating"":2413}]"
uzkuzk,2081,"[{""date"":""12/1/2024"",""rating"":2081},{""date"":""13/1/2024"",""rating"":2092},{""date"":""14/1/2024"",""rating"":2103},{""date"":""15/1/2024"",""rating"":2114},{""date"":""16/1/2024"",""rating"":2125},{""date"":""17/1/2024"",""rating"":2136},{""date"":""18/1/2024"",""rating"":2147},{""date"":""19/1/2024"",""rating"":2158},{""date"":""20/1/2024"",""rating"":2169},{""date"":""21/1/2024"",""rating"":2180},{""date"":""22/1/2024"",""rating"":2191},{""date"":""23/1/2024"",""rating"":2202},{""date"":""24/1/2024"",""rating"":2213},{""date"":""25/1/2024"",""rating"":2224},{""date"":""26/1/2024"",""rating"":2235},{""date"":""27/1/2024"",""rating"":2246},{""date"":""28/1/2024"",""rating"":2257},{""date"":""29/1/2024"",""rating"":2268},{""date"":""30/1/2024"",""rating"":2279},{""date"":""31/1/2024"",""rating"":2290},{""date"":""1/2/2024"",""rating"":2301},{""date"":""2/2/2024"",""rating"":2312},{""date"":""3/2/2024"",""rating"":2323},{""date"":""4/2/2024"",""rating"":2334},{""date"":""5/2/2024"",""rating"":2345},{""date"":""6/2/2024"",""rating"":2356},{""date"":""7/2/2024"",""rating"":2367},{""date"":""8/2/2024"",""rating"":2378},{""date"":""9/2/2024"",""rating"":2389},{""date"":""10/2/2024"",""rating"":2400},{""date"":""11/2/2024"",""rating"":2411}]"
iCe_eNerGyTeaM,2104,"[{""date"":""12/1/2024"",""rating"":2104},{""date"":""13/1/2024"",""rating"":2114},{""date"":""14/1/2024"",""rating"":2124},{""date"":""15/1/2024"",""rating"":2134},{""date"":""16/1/2024"",""rating"":2144},{""date"":""17/1/2024"",""rating"":2154},{""date"":""18/1/2024"",""rating"":2164},{""date"":""19/1/2024"",""rating"":2174},{""date"":""20/1/2024"",""rating"":2184},{""date"":""21/1/2024"",""rating"":2194},{""date"":""22/1/2024"",""rating"":2204},{""date"":""23/1/2024"",""rating"":2214},{""date"":""24/1/2024"",""rating"":2224},{""date"":""25/1/2024"",""rating"":2234},{""date"":""26/1/2024"",""rating"":2244},{""date"":""27/1/2024"",""rating"":2254},{""date"":""28/1/2024"",""rating"":2264},{""date"":""29/1/2024"",""rating"":2274},{""date"":""30/1/2024"",""rating"":2284},{""date"":""31/1/2024"",""rating"":2294},{""date"":""1/2/2024"",""rating"":2304},{""date"":""2/2/2024"",""rating"":2314},{""date"":""3/2/2024"",""rating"":2324},{""date"":""4/2/2024"",""rating"":2334},{""date"":""5/2/2024"",""rating"":2344},{""date"":""6/2/2024"",""rating"":2354},{""date"":""7/2/2024"",""rating"":2364},{""date"":""8/2/2024"",""rating"":2374},{""date"":""9/2/2024"",""rating"":2384},{""date"":""10/2/2024"",""rating"":2394},{""date"":""11/2/2024"",""rating"":2404}]"
TheGodOfChess10,1710,"[{""date"":""12/1/2024"",""rating"":1710},{""date"":""13/1/2024"",""rating"":1733},{""date"":""14/1/2024"",""rating"":1756},{""date"":""15/1/2024"",""rating"":1779},{""date"":""16/1/2024"",""rating"":1802},{""date"":""17/1/2024"",""rating"":1825},{""date"":""18/1/2024"",""rating"":1848},{""date"":""19/1/2024"",""rating"":1871},{""date"":""20/1/2024"",""rating"":1894},{""date"":""21/1/2024"",""rating"":1917},{""date"":""22/1/2024"",""rating"":1940},{""date"":""23/1/2024"",""rating"":1963},{""date"":""24/1/2024"",""rating"":1986},{""date"":""25/1/2024"",""rating"":2009},{""date"":""26/1/2024"",""rating"":2032},{""date"":""27/1/2024"",""rating"":2055},{""date"":""28/1/2024"",""rating"":2078},{""date"":""29/1/2024"",""rating"":2101},{""date"":""30/1/2024"",""rating"":2124},{""date"":""31/1/2024"",""rating"":2147},{""date"":""1/2/2024"",""rating"":2170},{""date"":""2/2/2024"",""rating"":2193},{""date"":""3/2/2024"",""rating"":2216},{""date"":""4/2/2024"",""rating"":2239},{""date"":""5/2/2024"",""rating"":2262},{""date"":""6/2/2024"",""rating"":2285},{""date"":""7/2/2024"",""rating"":2308},{""date"":""8/2/2024"",""rating"":2331},{""date"":""9/2/2024"",""rating"":2354},{""date"":""10/2/2024"",""rating"":2377},{""date"":""11/2/2024"",""rating"":2400}]"
LithargoelTheThrice,2519,"[{""date"":""12/1/2024"",""rating"":2519},{""date"":""13/1/2024"",""rating"":2515},{""date"":""14/1/2024"",""rating"":2511},{""date"":""15/1/2024"",""rating"":2507},{""date"":""16/1/2024"",""rating"":2503},{""date"":""17/1/2024"",""rating"":2499},{""date"":""18/1/2024"",""rating"":2495},{""date"":""19/1/2024"",""rating"":2491},{""date"":""20/1/2024"",""rating"":2487},{""date"":""21/1/2024"",""rating"":2483},{""date"":""22/1/2024"",""rating"":2479},{""date"":""23/1/2024"",""rating"":2475},{""date"":""24/1/2024"",""rating"":2471},{""date"":""25/1/2024"",""rating"":2467},{""date"":""26/1/2024"",""rating"":2463},{""date"":""27/1/2024"",""rating"":2459},{""date"":""28/1/2024"",""rating"":2455},{""date"":""29/1/2024"",""rating"":2451},{""date"":""30/1/2024"",""rating"":2447},{""date"":""31/1/2024"",""rating"":2443},{""date"":""1/2/2024"",""rating"":2439},{""date"":""2/2/2024"",""rating"":2435},{""date"":""3/2/2024"",""rating"":2431},{""date"":""4/2/2024"",""rating"":2427},{""date"":""5/2/2024"",""rating"":2423},{""date"":""6/2/2024"",""rating"":2419},{""date"":""7/2/2024"",""rating"":2415},{""date"":""8/2/2024"",""rating"":2411},{""date"":""9/2/2024"",""rating"":2407},{""date"":""10/2/2024"",""rating"":2403},{""date"":""11/2/2024"",""rating"":2399}]"
jonas14,1823,"[{""date"":""12/1/2024"",""rating"":1823},{""date"":""13/1/2024"",""rating"":1842},{""date"":""14/1/2024"",""rating"":1861},{""date"":""15/1/2024"",""rating"":1880},{""date"":""16/1/2024"",""rating"":1899},{""date"":""17/1/2024"",""rating"":1918},{""date"":""18/1/2024"",""rating"":1937},{""date"":""19/1/2024"",""rating"":1956},{""date"":""20/1/2024"",""rating"":1975},{""date"":""21/1/2024"",""rating"":1994},{""date"":""22/1/2024"",""rating"":2013},{""date"":""23/1/2024"",""rating"":2032},{""date"":""24/1/2024"",""rating"":2051},{""date"":""25/1/2024"",""rating"":2070},{""date"":""26/1/2024"",""rating"":2089},{""date"":""27/1/2024"",""rating"":2108},{""date"":""28/1/2024"",""rating"":2127},{""date"":""29/1/2024"",""rating"":2146},{""date"":""30/1/2024"",""rating"":2165},{""date"":""31/1/2024"",""rating"":2184},{""date"":""1/2/2024"",""rating"":2203},{""date"":""2/2/2024"",""rating"":2222},{""date"":""3/2/2024"",""rating"":2241},{""date"":""4/2/2024"",""rating"":2260},{""date"":""5/2/2024"",""rating"":2279},{""date"":""6/2/2024"",""rating"":2298},{""date"":""7/2/2024"",""rating"":2317},{""date"":""8/2/2024"",""rating"":2336},{""date"":""9/2/2024"",""rating"":2355},{""date"":""10/2/2024"",""rating"":2374},{""date"":""11/2/2024"",""rating"":2393}]"
Kung_Fu_Panda3,1942,"[{""date"":""12/1/2024"",""rating"":1942},{""date"":""13/1/2024"",""rating"":1957},{""date"":""14/1/2024"",""rating"":1972},{""date"":""15/1/2024"",""rating"":1987},{""date"":""16/1/2024"",""rating"":2002},{""date"":""17/1/2024"",""rating"":2017},{""date"":""18/1/2024"",""rating"":2032},{""date"":""19/1/2024"",""rating"":2047},{""date"":""20/1/2024"",""rating"":2062},{""date"":""21/1/2024"",""rating"":2077},{""date"":""22/1/2024"",""rating"":2092},{""date"":""23/1/2024"",""rating"":2107},{""date"":""24/1/2024"",""rating"":2122},{""date"":""25/1/2024"",""rating"":2137},{""date"":""26/1/2024"",""rating"":2152},{""date"":""27/1/2024"",""rating"":2167},{""date"":""28/1/2024"",""rating"":2182},{""date"":""29/1/2024"",""rating"":2197},{""date"":""30/1/2024"",""rating"":2212},{""date"":""31/1/2024"",""rating"":2227},{""date"":""1/2/2024"",""rating"":2242},{""date"":""2/2/2024"",""rating"":2257},{""date"":""3/2/2024"",""rating"":2272},{""date"":""4/2/2024"",""rating"":2287},{""date"":""5/2/2024"",""rating"":2302},{""date"":""6/2/2024"",""rating"":2317},{""date"":""7/2/2024"",""rating"":2332},{""date"":""8/2/2024"",""rating"":2347},{""date"":""9/2/2024"",""rating"":2362},{""date"":""10/2/2024"",""rating"":2377},{""date"":""11/2/2024"",""rating"":2392}]"
AnIndianChessplayer,1727,"[{""date"":""12/1/2024"",""rating"":1727},{""date"":""13/1/2024"",""rating"":1749},{""date"":""14/1/2024"",""rating"":1771},{""date"":""15/1/2024"",""rating"":1793},{""date"":""16/1/2024"",""rating"":1815},{""date"":""17/1/2024"",""rating"":1837},{""date"":""18/1/2024"",""rating"":1859},{""date"":""19/1/2024"",""rating"":1881},{""date"":""20/1/2024"",""rating"":1903},{""date"":""21/1/2024"",""rating"":1925},{""date"":""22/1/2024"",""rating"":1947},{""date"":""23/1/2024"",""rating"":1969},{""date"":""24/1/2024"",""rating"":1991},{""date"":""25/1/2024"",""rating"":2013},{""date"":""26/1/2024"",""rating"":2035},{""date"":""27/1/2024"",""rating"":2057},{""date"":""28/1/2024"",""rating"":2079},{""date"":""29/1/2024"",""rating"":2101},{""date"":""30/1/2024"",""rating"":2123},{""date"":""31/1/2024"",""rating"":2145},{""date"":""1/2/2024"",""rating"":2167},{""date"":""2/2/2024"",""rating"":2189},{""date"":""3/2/2024"",""rating"":2211},{""date"":""4/2/2024"",""rating"":2233},{""date"":""5/2/2024"",""rating"":2255},{""date"":""6/2/2024"",""rating"":2277},{""date"":""7/2/2024"",""rating"":2299},{""date"":""8/2/2024"",""rating"":2321},{""date"":""9/2/2024"",""rating"":2343},{""date"":""10/2/2024"",""rating"":2365},{""date"":""11/2/2024"",""rating"":2387}]"
Srinivas,1247,"[{""date"":""12/1/2024"",""rating"":1247},{""date"":""13/1/2024"",""rating"":1285},{""date"":""14/1/2024"",""rating"":1323},{""date"":""15/1/2024"",""rating"":1361},{""date"":""16/1/2024"",""rating"":1399},{""date"":""17/1/2024"",""rating"":1437},{""date"":""18/1/2024"",""rating"":1475},{""date"":""19/1/2024"",""rating"":1513},{""date"":""20/1/2024"",""rating"":1551},{""date"":""21/1/2024"",""rating"":1589},{""date"":""22/1/2024"",""rating"":1627},{""date"":""23/1/2024"",""rating"":1665},{""date"":""24/1/2024"",""rating"":1703},{""date"":""25/1/2024"",""rating"":1741},{""date"":""26/1/2024"",""rating"":1779},{""date"":""27/1/2024"",""rating"":1817},{""date"":""28/1/2024"",""rating"":1855},{""date"":""29/1/2024"",""rating"":1893},{""date"":""30/1/2024"",""rating"":1931},{""date"":""31/1/2024"",""rating"":1969},{""date"":""1/2/2024"",""rating"":2007},{""date"":""2/2/2024"",""rating"":2045},{""date"":""3/2/2024"",""rating"":2083},{""date"":""4/2/2024"",""rating"":2121},{""date"":""5/2/2024"",""rating"":2159},{""date"":""6/2/2024"",""rating"":2197},{""date"":""7/2/2024"",""rating"":2235},{""date"":""8/2/2024"",""rating"":2273},{""date"":""9/2/2024"",""rating"":2311},{""date"":""10/2/2024"",""rating"":2349},{""date"":""11/2/2024"",""rating"":2387}]"
marshal67,1546,"[{""date"":""12/1/2024"",""rating"":1546},{""date"":""13/1/2024"",""rating"":1574},{""date"":""14/1/2024"",""rating"":1602},{""date"":""15/1/2024"",""rating"":1630},{""date"":""16/1/2024"",""rating"":1658},{""date"":""17/1/2024"",""rating"":1686},{""date"":""18/1/2024"",""rating"":1714},{""date"":""19/1/2024"",""rating"":1742},{""date"":""20/1/2024"",""rating"":1770},{""date"":""21/1/2024"",""rating"":1798},{""date"":""22/1/2024"",""rating"":1826},{""date"":""23/1/2024"",""rating"":1854},{""date"":""24/1/2024"",""rating"":1882},{""date"":""25/1/2024"",""rating"":1910},{""date"":""26/1/2024"",""rating"":1938},{""date"":""27/1/2024"",""rating"":1966},{""date"":""28/1/2024"",""rating"":1994},{""date"":""29/1/2024"",""rating"":2022},{""date"":""30/1/2024"",""rating"":2050},{""date"":""31/1/2024"",""rating"":2078},{""date"":""1/2/2024"",""rating"":2106},{""date"":""2/2/2024"",""rating"":2134},{""date"":""3/2/2024"",""rating"":2162},{""date"":""4/2/2024"",""rating"":2190},{""date"":""5/2/2024"",""rating"":2218},{""date"":""6/2/2024"",""rating"":2246},{""date"":""7/2/2024"",""rating"":2274},{""date"":""8/2/2024"",""rating"":2302},{""date"":""9/2/2024"",""rating"":2330},{""date"":""10/2/2024"",""rating"":2358},{""date"":""11/2/2024"",""rating"":2386}]"
Al_Shima,2831,"[{""date"":""12/1/2024"",""rating"":2831},{""date"":""13/1/2024"",""rating"":2816},{""date"":""14/1/2024"",""rating"":2801},{""date"":""15/1/2024"",""rating"":2786},{""date"":""16/1/2024"",""rating"":2771},{""date"":""17/1/2024"",""rating"":2756},{""date"":""18/1/2024"",""rating"":2741},{""date"":""19/1/2024"",""rating"":2726},{""date"":""20/1/2024"",""rating"":2711},{""date"":""21/1/2024"",""rating"":2696},{""date"":""22/1/2024"",""rating"":2681},{""date"":""23/1/2024"",""rating"":2666},{""date"":""24/1/2024"",""rating"":2651},{""date"":""25/1/2024"",""rating"":2636},{""date"":""26/1/2024"",""rating"":2621},{""date"":""27/1/2024"",""rating"":2606},{""date"":""28/1/2024"",""rating"":2591},{""date"":""29/1/2024"",""rating"":2576},{""date"":""30/1/2024"",""rating"":2561},{""date"":""31/1/2024"",""rating"":2546},{""date"":""1/2/2024"",""rating"":2531},{""date"":""2/2/2024"",""rating"":2516},{""date"":""3/2/2024"",""rating"":2501},{""date"":""4/2/2024"",""rating"":2486},{""date"":""5/2/2024"",""rating"":2471},{""date"":""6/2/2024"",""rating"":2456},{""date"":""7/2/2024"",""rating"":2441},{""date"":""8/2/2024"",""rating"":2426},{""date"":""9/2/2024"",""rating"":2411},{""date"":""10/2/2024"",""rating"":2396},{""date"":""11/2/2024"",""rating"":2381}]"
PeterPanter,1720,"[{""date"":""12/1/2024"",""rating"":1720},{""date"":""13/1/2024"",""rating"":1742},{""date"":""14/1/2024"",""rating"":1764},{""date"":""15/1/2024"",""rating"":1786},{""date"":""16/1/2024"",""rating"":1808},{""date"":""17/1/2024"",""rating"":1830},{""date"":""18/1/2024"",""rating"":1852},{""date"":""19/1/2024"",""rating"":1874},{""date"":""20/1/2024"",""rating"":1896},{""date"":""21/1/2024"",""rating"":1918},{""date"":""22/1/2024"",""rating"":1940},{""date"":""23/1/2024"",""rating"":1962},{""date"":""24/1/2024"",""rating"":1984},{""date"":""25/1/2024"",""rating"":2006},{""date"":""26/1/2024"",""rating"":2028},{""date"":""27/1/2024"",""rating"":2050},{""date"":""28/1/2024"",""rating"":2072},{""date"":""29/1/2024"",""rating"":2094},{""date"":""30/1/2024"",""rating"":2116},{""date"":""31/1/2024"",""rating"":2138},{""date"":""1/2/2024"",""rating"":2160},{""date"":""2/2/2024"",""rating"":2182},{""date"":""3/2/2024"",""rating"":2204},{""date"":""4/2/2024"",""rating"":2226},{""date"":""5/2/2024"",""rating"":2248},{""date"":""6/2/2024"",""rating"":2270},{""date"":""7/2/2024"",""rating"":2292},{""date"":""8/2/2024"",""rating"":2314},{""date"":""9/2/2024"",""rating"":2336},{""date"":""10/2/2024"",""rating"":2358},{""date"":""11/2/2024"",""rating"":2380}]"
Art-Vega,2468,"[{""date"":""12/1/2024"",""rating"":2468},{""date"":""13/1/2024"",""rating"":2465},{""date"":""14/1/2024"",""rating"":2462},{""date"":""15/1/2024"",""rating"":2459},{""date"":""16/1/2024"",""rating"":2456},{""date"":""17/1/2024"",""rating"":2453},{""date"":""18/1/2024"",""rating"":2450},{""date"":""19/1/2024"",""rating"":2447},{""date"":""20/1/2024"",""rating"":2444},{""date"":""21/1/2024"",""rating"":2441},{""date"":""22/1/2024"",""rating"":2438},{""date"":""23/1/2024"",""rating"":2435},{""date"":""24/1/2024"",""rating"":2432},{""date"":""25/1/2024"",""rating"":2429},{""date"":""26/1/2024"",""rating"":2426},{""date"":""27/1/2024"",""rating"":2423},{""date"":""28/1/2024"",""rating"":2420},{""date"":""29/1/2024"",""rating"":2417},{""date"":""30/1/2024"",""rating"":2414},{""date"":""31/1/2024"",""rating"":2411},{""date"":""1/2/2024"",""rating"":2408},{""date"":""2/2/2024"",""rating"":2405},{""date"":""3/2/2024"",""rating"":2402},{""date"":""4/2/2024"",""rating"":2399},{""date"":""5/2/2024"",""rating"":2396},{""date"":""6/2/2024"",""rating"":2393},{""date"":""7/2/2024"",""rating"":2390},{""date"":""8/2/2024"",""rating"":2387},{""date"":""9/2/2024"",""rating"":2384},{""date"":""10/2/2024"",""rating"":2381},{""date"":""11/2/2024"",""rating"":2378}]"
AsacoPaco,2616,"[{""date"":""12/1/2024"",""rating"":2616},{""date"":""13/1/2024"",""rating"":2608},{""date"":""14/1/2024"",""rating"":2600},{""date"":""15/1/2024"",""rating"":2592},{""date"":""16/1/2024"",""rating"":2584},{""date"":""17/1/2024"",""rating"":2576},{""date"":""18/1/2024"",""rating"":2568},{""date"":""19/1/2024"",""rating"":2560},{""date"":""20/1/2024"",""rating"":2552},{""date"":""21/1/2024"",""rating"":2544},{""date"":""22/1/2024"",""rating"":2536},{""date"":""23/1/2024"",""rating"":2528},{""date"":""24/1/2024"",""rating"":2520},{""date"":""25/1/2024"",""rating"":2512},{""date"":""26/1/2024"",""rating"":2504},{""date"":""27/1/2024"",""rating"":2496},{""date"":""28/1/2024"",""rating"":2488},{""date"":""29/1/2024"",""rating"":2480},{""date"":""30/1/2024"",""rating"":2472},{""date"":""31/1/2024"",""rating"":2464},{""date"":""1/2/2024"",""rating"":2456},{""date"":""2/2/2024"",""rating"":2448},{""date"":""3/2/2024"",""rating"":2440},{""date"":""4/2/2024"",""rating"":2432},{""date"":""5/2/2024"",""rating"":2424},{""date"":""6/2/2024"",""rating"":2416},{""date"":""7/2/2024"",""rating"":2408},{""date"":""8/2/2024"",""rating"":2400},{""date"":""9/2/2024"",""rating"":2392},{""date"":""10/2/2024"",""rating"":2384},{""date"":""11/2/2024"",""rating"":2376}]"
morgadochess,2163,"[{""date"":""12/1/2024"",""rating"":2163},{""date"":""13/1/2024"",""rating"":2170},{""date"":""14/1/2024"",""rating"":2177},{""date"":""15/1/2024"",""rating"":2184},{""date"":""16/1/2024"",""rating"":2191},{""date"":""17/1/2024"",""rating"":2198},{""date"":""18/1/2024"",""rating"":2205},{""date"":""19/1/2024"",""rating"":2212},{""date"":""20/1/2024"",""rating"":2219},{""date"":""21/1/2024"",""rating"":2226},{""date"":""22/1/2024"",""rating"":2233},{""date"":""23/1/2024"",""rating"":2240},{""date"":""24/1/2024"",""rating"":2247},{""date"":""25/1/2024"",""rating"":2254},{""date"":""26/1/2024"",""rating"":2261},{""date"":""27/1/2024"",""rating"":2268},{""date"":""28/1/2024"",""rating"":2275},{""date"":""29/1/2024"",""rating"":2282},{""date"":""30/1/2024"",""rating"":2289},{""date"":""31/1/2024"",""rating"":2296},{""date"":""1/2/2024"",""rating"":2303},{""date"":""2/2/2024"",""rating"":2310},{""date"":""3/2/2024"",""rating"":2317},{""date"":""4/2/2024"",""rating"":2324},{""date"":""5/2/2024"",""rating"":2331},{""date"":""6/2/2024"",""rating"":2338},{""date"":""7/2/2024"",""rating"":2345},{""date"":""8/2/2024"",""rating"":2352},{""date"":""9/2/2024"",""rating"":2359},{""date"":""10/2/2024"",""rating"":2366},{""date"":""11/2/2024"",""rating"":2373}]"
chessunable,1709,"[{""date"":""12/1/2024"",""rating"":1709},{""date"":""13/1/2024"",""rating"":1731},{""date"":""14/1/2024"",""rating"":1753},{""date"":""15/1/2024"",""rating"":1775},{""date"":""16/1/2024"",""rating"":1797},{""date"":""17/1/2024"",""rating"":1819},{""date"":""18/1/2024"",""rating"":1841},{""date"":""19/1/2024"",""rating"":1863},{""date"":""20/1/2024"",""rating"":1885},{""date"":""21/1/2024"",""rating"":1907},{""date"":""22/1/2024"",""rating"":1929},{""date"":""23/1/2024"",""rating"":1951},{""date"":""24/1/2024"",""rating"":1973},{""date"":""25/1/2024"",""rating"":1995},{""date"":""26/1/2024"",""rating"":2017},{""date"":""27/1/2024"",""rating"":2039},{""date"":""28/1/2024"",""rating"":2061},{""date"":""29/1/2024"",""rating"":2083},{""date"":""30/1/2024"",""rating"":2105},{""date"":""31/1/2024"",""rating"":2127},{""date"":""1/2/2024"",""rating"":2149},{""date"":""2/2/2024"",""rating"":2171},{""date"":""3/2/2024"",""rating"":2193},{""date"":""4/2/2024"",""rating"":2215},{""date"":""5/2/2024"",""rating"":2237},{""date"":""6/2/2024"",""rating"":2259},{""date"":""7/2/2024"",""rating"":2281},{""date"":""8/2/2024"",""rating"":2303},{""date"":""9/2/2024"",""rating"":2325},{""date"":""10/2/2024"",""rating"":2347},{""date"":""11/2/2024"",""rating"":2369}]"
muqri_1,2189,"[{""date"":""12/1/2024"",""rating"":2189},{""date"":""13/1/2024"",""rating"":2195},{""date"":""14/1/2024"",""rating"":2201},{""date"":""15/1/2024"",""rating"":2207},{""date"":""16/1/2024"",""rating"":2213},{""date"":""17/1/2024"",""rating"":2219},{""date"":""18/1/2024"",""rating"":2225},{""date"":""19/1/2024"",""rating"":2231},{""date"":""20/1/2024"",""rating"":2237},{""date"":""21/1/2024"",""rating"":2243},{""date"":""22/1/2024"",""rating"":2249},{""date"":""23/1/2024"",""rating"":2255},{""date"":""24/1/2024"",""rating"":2261},{""date"":""25/1/2024"",""rating"":2267},{""date"":""26/1/2024"",""rating"":2273},{""date"":""27/1/2024"",""rating"":2279},{""date"":""28/1/2024"",""rating"":2285},{""date"":""29/1/2024"",""rating"":2291},{""date"":""30/1/2024"",""rating"":2297},{""date"":""31/1/2024"",""rating"":2303},{""date"":""1/2/2024"",""rating"":2309},{""date"":""2/2/2024"",""rating"":2315},{""date"":""3/2/2024"",""rating"":2321},{""date"":""4/2/2024"",""rating"":2327},{""date"":""5/2/2024"",""rating"":2333},{""date"":""6/2/2024"",""rating"":2339},{""date"":""7/2/2024"",""rating"":2345},{""date"":""8/2/2024"",""rating"":2351},{""date"":""9/2/2024"",""rating"":2357},{""date"":""10/2/2024"",""rating"":2363},{""date"":""11/2/2024"",""rating"":2369}]"
e4e5chess,2278,"[{""date"":""12/1/2024"",""rating"":2278},{""date"":""13/1/2024"",""rating"":2281},{""date"":""14/1/2024"",""rating"":2284},{""date"":""15/1/2024"",""rating"":2287},{""date"":""16/1/2024"",""rating"":2290},{""date"":""17/1/2024"",""rating"":2293},{""date"":""18/1/2024"",""rating"":2296},{""date"":""19/1/2024"",""rating"":2299},{""date"":""20/1/2024"",""rating"":2302},{""date"":""21/1/2024"",""rating"":2305},{""date"":""22/1/2024"",""rating"":2308},{""date"":""23/1/2024"",""rating"":2311},{""date"":""24/1/2024"",""rating"":2314},{""date"":""25/1/2024"",""rating"":2317},{""date"":""26/1/2024"",""rating"":2320},{""date"":""27/1/2024"",""rating"":2323},{""date"":""28/1/2024"",""rating"":2326},{""date"":""29/1/2024"",""rating"":2329},{""date"":""30/1/2024"",""rating"":2332},{""date"":""31/1/2024"",""rating"":2335},{""date"":""1/2/2024"",""rating"":2338},{""date"":""2/2/2024"",""rating"":2341},{""date"":""3/2/2024"",""rating"":2344},{""date"":""4/2/2024"",""rating"":2347},{""date"":""5/2/2024"",""rating"":2350},{""date"":""6/2/2024"",""rating"":2353},{""date"":""7/2/2024"",""rating"":2356},{""date"":""8/2/2024"",""rating"":2359},{""date"":""9/2/2024"",""rating"":2362},{""date"":""10/2/2024"",""rating"":2365},{""date"":""11/2/2024"",""rating"":2368}]"
mzmaz,2546,"[{""date"":""12/1/2024"",""rating"":2546},{""date"":""13/1/2024"",""rating"":2540},{""date"":""14/1/2024"",""rating"":2534},{""date"":""15/1/2024"",""rating"":2528},{""date"":""16/1/2024"",""rating"":2522},{""date"":""17/1/2024"",""rating"":2516},{""date"":""18/1/2024"",""rating"":2510},{""date"":""19/1/2024"",""rating"":2504},{""date"":""20/1/2024"",""rating"":2498},{""date"":""21/1/2024"",""rating"":2492},{""date"":""22/1/2024"",""rating"":2486},{""date"":""23/1/2024"",""rating"":2480},{""date"":""24/1/2024"",""rating"":2474},{""date"":""25/1/2024"",""rating"":2468},{""date"":""26/1/2024"",""rating"":2462},{""date"":""27/1/2024"",""rating"":2456},{""date"":""28/1/2024"",""rating"":2450},{""date"":""29/1/2024"",""rating"":2444},{""date"":""30/1/2024"",""rating"":2438},{""date"":""31/1/2024"",""rating"":2432},{""date"":""1/2/2024"",""rating"":2426},{""date"":""2/2/2024"",""rating"":2420},{""date"":""3/2/2024"",""rating"":2414},{""date"":""4/2/2024"",""rating"":2408},{""date"":""5/2/2024"",""rating"":2402},{""date"":""6/2/2024"",""rating"":2396},{""date"":""7/2/2024"",""rating"":2390},{""date"":""8/2/2024"",""rating"":2384},{""date"":""9/2/2024"",""rating"":2378},{""date"":""10/2/2024"",""rating"":2372},{""date"":""11/2/2024"",""rating"":2366}]"
Kanake04,1582,"[{""date"":""12/1/2024"",""rating"":1582},{""date"":""13/1/2024"",""rating"":1608},{""date"":""14/1/2024"",""rating"":1634},{""date"":""15/1/2024"",""rating"":1660},{""date"":""16/1/2024"",""rating"":1686},{""date"":""17/1/2024"",""rating"":1712},{""date"":""18/1/2024"",""rating"":1738},{""date"":""19/1/2024"",""rating"":1764},{""date"":""20/1/2024"",""rating"":1790},{""date"":""21/1/2024"",""rating"":1816},{""date"":""22/1/2024"",""rating"":1842},{""date"":""23/1/2024"",""rating"":1868},{""date"":""24/1/2024"",""rating"":1894},{""date"":""25/1/2024"",""rating"":1920},{""date"":""26/1/2024"",""rating"":1946},{""date"":""27/1/2024"",""rating"":1972},{""date"":""28/1/2024"",""rating"":1998},{""date"":""29/1/2024"",""rating"":2024},{""date"":""30/1/2024"",""rating"":2050},{""date"":""31/1/2024"",""rating"":2076},{""date"":""1/2/2024"",""rating"":2102},{""date"":""2/2/2024"",""rating"":2128},{""date"":""3/2/2024"",""rating"":2154},{""date"":""4/2/2024"",""rating"":2180},{""date"":""5/2/2024"",""rating"":2206},{""date"":""6/2/2024"",""rating"":2232},{""date"":""7/2/2024"",""rating"":2258},{""date"":""8/2/2024"",""rating"":2284},{""date"":""9/2/2024"",""rating"":2310},{""date"":""10/2/2024"",""rating"":2336},{""date"":""11/2/2024"",""rating"":2362}]"
n33wbi33,1912,"[{""date"":""12/1/2024"",""rating"":1912},{""date"":""13/1/2024"",""rating"":1927},{""date"":""14/1/2024"",""rating"":1942},{""date"":""15/1/2024"",""rating"":1957},{""date"":""16/1/2024"",""rating"":1972},{""date"":""17/1/2024"",""rating"":1987},{""date"":""18/1/2024"",""rating"":2002},{""date"":""19/1/2024"",""rating"":2017},{""date"":""20/1/2024"",""rating"":2032},{""date"":""21/1/2024"",""rating"":2047},{""date"":""22/1/2024"",""rating"":2062},{""date"":""23/1/2024"",""rating"":2077},{""date"":""24/1/2024"",""rating"":2092},{""date"":""25/1/2024"",""rating"":2107},{""date"":""26/1/2024"",""rating"":2122},{""date"":""27/1/2024"",""rating"":2137},{""date"":""28/1/2024"",""rating"":2152},{""date"":""29/1/2024"",""rating"":2167},{""date"":""30/1/2024"",""rating"":2182},{""date"":""31/1/2024"",""rating"":2197},{""date"":""1/2/2024"",""rating"":2212},{""date"":""2/2/2024"",""rating"":2227},{""date"":""3/2/2024"",""rating"":2242},{""date"":""4/2/2024"",""rating"":2257},{""date"":""5/2/2024"",""rating"":2272},{""date"":""6/2/2024"",""rating"":2287},{""date"":""7/2/2024"",""rating"":2302},{""date"":""8/2/2024"",""rating"":2317},{""date"":""9/2/2024"",""rating"":2332},{""date"":""10/2/2024"",""rating"":2347},{""date"":""11/2/2024"",""rating"":2362}]"
Delebarre,2539,"[{""date"":""12/1/2024"",""rating"":2539},{""date"":""13/1/2024"",""rating"":2533},{""date"":""14/1/2024"",""rating"":2527},{""date"":""15/1/2024"",""rating"":2521},{""date"":""16/1/2024"",""rating"":2515},{""date"":""17/1/2024"",""rating"":2509},{""date"":""18/1/2024"",""rating"":2503},{""date"":""19/1/2024"",""rating"":2497},{""date"":""20/1/2024"",""rating"":2491},{""date"":""21/1/2024"",""rating"":2485},{""date"":""22/1/2024"",""rating"":2479},{""date"":""23/1/2024"",""rating"":2473},{""date"":""24/1/2024"",""rating"":2467},{""date"":""25/1/2024"",""rating"":2461},{""date"":""26/1/2024"",""rating"":2455},{""date"":""27/1/2024"",""rating"":2449},{""date"":""28/1/2024"",""rating"":2443},{""date"":""29/1/2024"",""rating"":2437},{""date"":""30/1/2024"",""rating"":2431},{""date"":""31/1/2024"",""rating"":2425},{""date"":""1/2/2024"",""rating"":2419},{""date"":""2/2/2024"",""rating"":2413},{""date"":""3/2/2024"",""rating"":2407},{""date"":""4/2/2024"",""rating"":2401},{""date"":""5/2/2024"",""rating"":2395},{""date"":""6/2/2024"",""rating"":2389},{""date"":""7/2/2024"",""rating"":2383},{""date"":""8/2/2024"",""rating"":2377},{""date"":""9/2/2024"",""rating"":2371},{""date"":""10/2/2024"",""rating"":2365},{""date"":""11/2/2024"",""rating"":2359}]"
USSR77,3289,"[{""date"":""12/1/2024"",""rating"":3289},{""date"":""13/1/2024"",""rating"":3258},{""date"":""14/1/2024"",""rating"":3227},{""date"":""15/1/2024"",""rating"":3196},{""date"":""16/1/2024"",""rating"":3165},{""date"":""17/1/2024"",""rating"":3134},{""date"":""18/1/2024"",""rating"":3103},{""date"":""19/1/2024"",""rating"":3072},{""date"":""20/1/2024"",""rating"":3041},{""date"":""21/1/2024"",""rating"":3010},{""date"":""22/1/2024"",""rating"":2979},{""date"":""23/1/2024"",""rating"":2948},{""date"":""24/1/2024"",""rating"":2917},{""date"":""25/1/2024"",""rating"":2886},{""date"":""26/1/2024"",""rating"":2855},{""date"":""27/1/2024"",""rating"":2824},{""date"":""28/1/2024"",""rating"":2793},{""date"":""29/1/2024"",""rating"":2762},{""date"":""30/1/2024"",""rating"":2731},{""date"":""31/1/2024"",""rating"":2700},{""date"":""1/2/2024"",""rating"":2669},{""date"":""2/2/2024"",""rating"":2638},{""date"":""3/2/2024"",""rating"":2607},{""date"":""4/2/2024"",""rating"":2576},{""date"":""5/2/2024"",""rating"":2545},{""date"":""6/2/2024"",""rating"":2514},{""date"":""7/2/2024"",""rating"":2483},{""date"":""8/2/2024"",""rating"":2452},{""date"":""9/2/2024"",""rating"":2421},{""date"":""10/2/2024"",""rating"":2390},{""date"":""11/2/2024"",""rating"":2359}]"
avcs,1638,"[{""date"":""12/1/2024"",""rating"":1638},{""date"":""13/1/2024"",""rating"":1662},{""date"":""14/1/2024"",""rating"":1686},{""date"":""15/1/2024"",""rating"":1710},{""date"":""16/1/2024"",""rating"":1734},{""date"":""17/1/2024"",""rating"":1758},{""date"":""18/1/2024"",""rating"":1782},{""date"":""19/1/2024"",""rating"":1806},{""date"":""20/1/2024"",""rating"":1830},{""date"":""21/1/2024"",""rating"":1854},{""date"":""22/1/2024"",""rating"":1878},{""date"":""23/1/2024"",""rating"":1902},{""date"":""24/1/2024"",""rating"":1926},{""date"":""25/1/2024"",""rating"":1950},{""date"":""26/1/2024"",""rating"":1974},{""date"":""27/1/2024"",""rating"":1998},{""date"":""28/1/2024"",""rating"":2022},{""date"":""29/1/2024"",""rating"":2046},{""date"":""30/1/2024"",""rating"":2070},{""date"":""31/1/2024"",""rating"":2094},{""date"":""1/2/2024"",""rating"":2118},{""date"":""2/2/2024"",""rating"":2142},{""date"":""3/2/2024"",""rating"":2166},{""date"":""4/2/2024"",""rating"":2190},{""date"":""5/2/2024"",""rating"":2214},{""date"":""6/2/2024"",""rating"":2238},{""date"":""7/2/2024"",""rating"":2262},{""date"":""8/2/2024"",""rating"":2286},{""date"":""9/2/2024"",""rating"":2310},{""date"":""10/2/2024"",""rating"":2334},{""date"":""11/2/2024"",""rating"":2358}]"
Chlorofluorocarbons,1036,"[{""date"":""12/1/2024"",""rating"":1036},{""date"":""13/1/2024"",""rating"":1080},{""date"":""14/1/2024"",""rating"":1124},{""date"":""15/1/2024"",""rating"":1168},{""date"":""16/1/2024"",""rating"":1212},{""date"":""17/1/2024"",""rating"":1256},{""date"":""18/1/2024"",""rating"":1300},{""date"":""19/1/2024"",""rating"":1344},{""date"":""20/1/2024"",""rating"":1388},{""date"":""21/1/2024"",""rating"":1432},{""date"":""22/1/2024"",""rating"":1476},{""date"":""23/1/2024"",""rating"":1520},{""date"":""24/1/2024"",""rating"":1564},{""date"":""25/1/2024"",""rating"":1608},{""date"":""26/1/2024"",""rating"":1652},{""date"":""27/1/2024"",""rating"":1696},{""date"":""28/1/2024"",""rating"":1740},{""date"":""29/1/2024"",""rating"":1784},{""date"":""30/1/2024"",""rating"":1828},{""date"":""31/1/2024"",""rating"":1872},{""date"":""1/2/2024"",""rating"":1916},{""date"":""2/2/2024"",""rating"":1960},{""date"":""3/2/2024"",""rating"":2004},{""date"":""4/2/2024"",""rating"":2048},{""date"":""5/2/2024"",""rating"":2092},{""date"":""6/2/2024"",""rating"":2136},{""date"":""7/2/2024"",""rating"":2180},{""date"":""8/2/2024"",""rating"":2224},{""date"":""9/2/2024"",""rating"":2268},{""date"":""10/2/2024"",""rating"":2312},{""date"":""11/2/2024"",""rating"":2356}]"
PREDATOR624,1934,"[{""date"":""12/1/2024"",""rating"":1934},{""date"":""13/1/2024"",""rating"":1948},{""date"":""14/1/2024"",""rating"":1962},{""date"":""15/1/2024"",""rating"":1976},{""date"":""16/1/2024"",""rating"":1990},{""date"":""17/1/2024"",""rating"":2004},{""date"":""18/1/2024"",""rating"":2018},{""date"":""19/1/2024"",""rating"":2032},{""date"":""20/1/2024"",""rating"":2046},{""date"":""21/1/2024"",""rating"":2060},{""date"":""22/1/2024"",""rating"":2074},{""date"":""23/1/2024"",""rating"":2088},{""date"":""24/1/2024"",""rating"":2102},{""date"":""25/1/2024"",""rating"":2116},{""date"":""26/1/2024"",""rating"":2130},{""date"":""27/1/2024"",""rating"":2144},{""date"":""28/1/2024"",""rating"":2158},{""date"":""29/1/2024"",""rating"":2172},{""date"":""30/1/2024"",""rating"":2186},{""date"":""31/1/2024"",""rating"":2200},{""date"":""1/2/2024"",""rating"":2214},{""date"":""2/2/2024"",""rating"":2228},{""date"":""3/2/2024"",""rating"":2242},{""date"":""4/2/2024"",""rating"":2256},{""date"":""5/2/2024"",""rating"":2270},{""date"":""6/2/2024"",""rating"":2284},{""date"":""7/2/2024"",""rating"":2298},{""date"":""8/2/2024"",""rating"":2312},{""date"":""9/2/2024"",""rating"":2326},{""date"":""10/2/2024"",""rating"":2340},{""date"":""11/2/2024"",""rating"":2354}]"
repeat_42b,2322,"[{""date"":""12/1/2024"",""rating"":2322},{""date"":""13/1/2024"",""rating"":2323},{""date"":""14/1/2024"",""rating"":2324},{""date"":""15/1/2024"",""rating"":2325},{""date"":""16/1/2024"",""rating"":2326},{""date"":""17/1/2024"",""rating"":2327},{""date"":""18/1/2024"",""rating"":2328},{""date"":""19/1/2024"",""rating"":2329},{""date"":""20/1/2024"",""rating"":2330},{""date"":""21/1/2024"",""rating"":2331},{""date"":""22/1/2024"",""rating"":2332},{""date"":""23/1/2024"",""rating"":2333},{""date"":""24/1/2024"",""rating"":2334},{""date"":""25/1/2024"",""rating"":2335},{""date"":""26/1/2024"",""rating"":2336},{""date"":""27/1/2024"",""rating"":2337},{""date"":""28/1/2024"",""rating"":2338},{""date"":""29/1/2024"",""rating"":2339},{""date"":""30/1/2024"",""rating"":2340},{""date"":""31/1/2024"",""rating"":2341},{""date"":""1/2/2024"",""rating"":2342},{""date"":""2/2/2024"",""rating"":2343},{""date"":""3/2/2024"",""rating"":2344},{""date"":""4/2/2024"",""rating"":2345},{""date"":""5/2/2024"",""rating"":2346},{""date"":""6/2/2024"",""rating"":2347},{""date"":""7/2/2024"",""rating"":2348},{""date"":""8/2/2024"",""rating"":2349},{""date"":""9/2/2024"",""rating"":2350},{""date"":""10/2/2024"",""rating"":2351},{""date"":""11/2/2024"",""rating"":2352}]"
Moussardraser,1421,"[{""date"":""12/1/2024"",""rating"":1421},{""date"":""13/1/2024"",""rating"":1452},{""date"":""14/1/2024"",""rating"":1483},{""date"":""15/1/2024"",""rating"":1514},{""date"":""16/1/2024"",""rating"":1545},{""date"":""17/1/2024"",""rating"":1576},{""date"":""18/1/2024"",""rating"":1607},{""date"":""19/1/2024"",""rating"":1638},{""date"":""20/1/2024"",""rating"":1669},{""date"":""21/1/2024"",""rating"":1700},{""date"":""22/1/2024"",""rating"":1731},{""date"":""23/1/2024"",""rating"":1762},{""date"":""24/1/2024"",""rating"":1793},{""date"":""25/1/2024"",""rating"":1824},{""date"":""26/1/2024"",""rating"":1855},{""date"":""27/1/2024"",""rating"":1886},{""date"":""28/1/2024"",""rating"":1917},{""date"":""29/1/2024"",""rating"":1948},{""date"":""30/1/2024"",""rating"":1979},{""date"":""31/1/2024"",""rating"":2010},{""date"":""1/2/2024"",""rating"":2041},{""date"":""2/2/2024"",""rating"":2072},{""date"":""3/2/2024"",""rating"":2103},{""date"":""4/2/2024"",""rating"":2134},{""date"":""5/2/2024"",""rating"":2165},{""date"":""6/2/2024"",""rating"":2196},{""date"":""7/2/2024"",""rating"":2227},{""date"":""8/2/2024"",""rating"":2258},{""date"":""9/2/2024"",""rating"":2289},{""date"":""10/2/2024"",""rating"":2320},{""date"":""11/2/2024"",""rating"":2351}]"
NeSuBaMu,2584,"[{""date"":""12/1/2024"",""rating"":2584},{""date"":""13/1/2024"",""rating"":2576},{""date"":""14/1/2024"",""rating"":2568},{""date"":""15/1/2024"",""rating"":2560},{""date"":""16/1/2024"",""rating"":2552},{""date"":""17/1/2024"",""rating"":2544},{""date"":""18/1/2024"",""rating"":2536},{""date"":""19/1/2024"",""rating"":2528},{""date"":""20/1/2024"",""rating"":2520},{""date"":""21/1/2024"",""rating"":2512},{""date"":""22/1/2024"",""rating"":2504},{""date"":""23/1/2024"",""rating"":2496},{""date"":""24/1/2024"",""rating"":2488},{""date"":""25/1/2024"",""rating"":2480},{""date"":""26/1/2024"",""rating"":2472},{""date"":""27/1/2024"",""rating"":2464},{""date"":""28/1/2024"",""rating"":2456},{""date"":""29/1/2024"",""rating"":2448},{""date"":""30/1/2024"",""rating"":2440},{""date"":""31/1/2024"",""rating"":2432},{""date"":""1/2/2024"",""rating"":2424},{""date"":""2/2/2024"",""rating"":2416},{""date"":""3/2/2024"",""rating"":2408},{""date"":""4/2/2024"",""rating"":2400},{""date"":""5/2/2024"",""rating"":2392},{""date"":""6/2/2024"",""rating"":2384},{""date"":""7/2/2024"",""rating"":2376},{""date"":""8/2/2024"",""rating"":2368},{""date"":""9/2/2024"",""rating"":2360},{""date"":""10/2/2024"",""rating"":2352},{""date"":""11/2/2024"",""rating"":2344}]"
itzManpreeth,2883,"[{""date"":""12/1/2024"",""rating"":2883},{""date"":""13/1/2024"",""rating"":2865},{""date"":""14/1/2024"",""rating"":2847},{""date"":""15/1/2024"",""rating"":2829},{""date"":""16/1/2024"",""rating"":2811},{""date"":""17/1/2024"",""rating"":2793},{""date"":""18/1/2024"",""rating"":2775},{""date"":""19/1/2024"",""rating"":2757},{""date"":""20/1/2024"",""rating"":2739},{""date"":""21/1/2024"",""rating"":2721},{""date"":""22/1/2024"",""rating"":2703},{""date"":""23/1/2024"",""rating"":2685},{""date"":""24/1/2024"",""rating"":2667},{""date"":""25/1/2024"",""rating"":2649},{""date"":""26/1/2024"",""rating"":2631},{""date"":""27/1/2024"",""rating"":2613},{""date"":""28/1/2024"",""rating"":2595},{""date"":""29/1/2024"",""rating"":2577},{""date"":""30/1/2024"",""rating"":2559},{""date"":""31/1/2024"",""rating"":2541},{""date"":""1/2/2024"",""rating"":2523},{""date"":""2/2/2024"",""rating"":2505},{""date"":""3/2/2024"",""rating"":2487},{""date"":""4/2/2024"",""rating"":2469},{""date"":""5/2/2024"",""rating"":2451},{""date"":""6/2/2024"",""rating"":2433},{""date"":""7/2/2024"",""rating"":2415},{""date"":""8/2/2024"",""rating"":2397},{""date"":""9/2/2024"",""rating"":2379},{""date"":""10/2/2024"",""rating"":2361},{""date"":""11/2/2024"",""rating"":2343}]"
winmate,1833,"[{""date"":""12/1/2024"",""rating"":1833},{""date"":""13/1/2024"",""rating"":1850},{""date"":""14/1/2024"",""rating"":1867},{""date"":""15/1/2024"",""rating"":1884},{""date"":""16/1/2024"",""rating"":1901},{""date"":""17/1/2024"",""rating"":1918},{""date"":""18/1/2024"",""rating"":1935},{""date"":""19/1/2024"",""rating"":1952},{""date"":""20/1/2024"",""rating"":1969},{""date"":""21/1/2024"",""rating"":1986},{""date"":""22/1/2024"",""rating"":2003},{""date"":""23/1/2024"",""rating"":2020},{""date"":""24/1/2024"",""rating"":2037},{""date"":""25/1/2024"",""rating"":2054},{""date"":""26/1/2024"",""rating"":2071},{""date"":""27/1/2024"",""rating"":2088},{""date"":""28/1/2024"",""rating"":2105},{""date"":""29/1/2024"",""rating"":2122},{""date"":""30/1/2024"",""rating"":2139},{""date"":""31/1/2024"",""rating"":2156},{""date"":""1/2/2024"",""rating"":2173},{""date"":""2/2/2024"",""rating"":2190},{""date"":""3/2/2024"",""rating"":2207},{""date"":""4/2/2024"",""rating"":2224},{""date"":""5/2/2024"",""rating"":2241},{""date"":""6/2/2024"",""rating"":2258},{""date"":""7/2/2024"",""rating"":2275},{""date"":""8/2/2024"",""rating"":2292},{""date"":""9/2/2024"",""rating"":2309},{""date"":""10/2/2024"",""rating"":2326},{""date"":""11/2/2024"",""rating"":2343}]"
Truemasterme,3183,"[{""date"":""12/1/2024"",""rating"":3183},{""date"":""13/1/2024"",""rating"":3155},{""date"":""14/1/2024"",""rating"":3127},{""date"":""15/1/2024"",""rating"":3099},{""date"":""16/1/2024"",""rating"":3071},{""date"":""17/1/2024"",""rating"":3043},{""date"":""18/1/2024"",""rating"":3015},{""date"":""19/1/2024"",""rating"":2987},{""date"":""20/1/2024"",""rating"":2959},{""date"":""21/1/2024"",""rating"":2931},{""date"":""22/1/2024"",""rating"":2903},{""date"":""23/1/2024"",""rating"":2875},{""date"":""24/1/2024"",""rating"":2847},{""date"":""25/1/2024"",""rating"":2819},{""date"":""26/1/2024"",""rating"":2791},{""date"":""27/1/2024"",""rating"":2763},{""date"":""28/1/2024"",""rating"":2735},{""date"":""29/1/2024"",""rating"":2707},{""date"":""30/1/2024"",""rating"":2679},{""date"":""31/1/2024"",""rating"":2651},{""date"":""1/2/2024"",""rating"":2623},{""date"":""2/2/2024"",""rating"":2595},{""date"":""3/2/2024"",""rating"":2567},{""date"":""4/2/2024"",""rating"":2539},{""date"":""5/2/2024"",""rating"":2511},{""date"":""6/2/2024"",""rating"":2483},{""date"":""7/2/2024"",""rating"":2455},{""date"":""8/2/2024"",""rating"":2427},{""date"":""9/2/2024"",""rating"":2399},{""date"":""10/2/2024"",""rating"":2371},{""date"":""11/2/2024"",""rating"":2343}]"
Tempest_Dragon,2132,"[{""date"":""12/1/2024"",""rating"":2132},{""date"":""13/1/2024"",""rating"":2139},{""date"":""14/1/2024"",""rating"":2146},{""date"":""15/1/2024"",""rating"":2153},{""date"":""16/1/2024"",""rating"":2160},{""date"":""17/1/2024"",""rating"":2167},{""date"":""18/1/2024"",""rating"":2174},{""date"":""19/1/2024"",""rating"":2181},{""date"":""20/1/2024"",""rating"":2188},{""date"":""21/1/2024"",""rating"":2195},{""date"":""22/1/2024"",""rating"":2202},{""date"":""23/1/2024"",""rating"":2209},{""date"":""24/1/2024"",""rating"":2216},{""date"":""25/1/2024"",""rating"":2223},{""date"":""26/1/2024"",""rating"":2230},{""date"":""27/1/2024"",""rating"":2237},{""date"":""28/1/2024"",""rating"":2244},{""date"":""29/1/2024"",""rating"":2251},{""date"":""30/1/2024"",""rating"":2258},{""date"":""31/1/2024"",""rating"":2265},{""date"":""1/2/2024"",""rating"":2272},{""date"":""2/2/2024"",""rating"":2279},{""date"":""3/2/2024"",""rating"":2286},{""date"":""4/2/2024"",""rating"":2293},{""date"":""5/2/2024"",""rating"":2300},{""date"":""6/2/2024"",""rating"":2307},{""date"":""7/2/2024"",""rating"":2314},{""date"":""8/2/2024"",""rating"":2321},{""date"":""9/2/2024"",""rating"":2328},{""date"":""10/2/2024"",""rating"":2335},{""date"":""11/2/2024"",""rating"":2342}]"
HandKnit,1589,"[{""date"":""12/1/2024"",""rating"":1589},{""date"":""13/1/2024"",""rating"":1614},{""date"":""14/1/2024"",""rating"":1639},{""date"":""15/1/2024"",""rating"":1664},{""date"":""16/1/2024"",""rating"":1689},{""date"":""17/1/2024"",""rating"":1714},{""date"":""18/1/2024"",""rating"":1739},{""date"":""19/1/2024"",""rating"":1764},{""date"":""20/1/2024"",""rating"":1789},{""date"":""21/1/2024"",""rating"":1814},{""date"":""22/1/2024"",""rating"":1839},{""date"":""23/1/2024"",""rating"":1864},{""date"":""24/1/2024"",""rating"":1889},{""date"":""25/1/2024"",""rating"":1914},{""date"":""26/1/2024"",""rating"":1939},{""date"":""27/1/2024"",""rating"":1964},{""date"":""28/1/2024"",""rating"":1989},{""date"":""29/1/2024"",""rating"":2014},{""date"":""30/1/2024"",""rating"":2039},{""date"":""31/1/2024"",""rating"":2064},{""date"":""1/2/2024"",""rating"":2089},{""date"":""2/2/2024"",""rating"":2114},{""date"":""3/2/2024"",""rating"":2139},{""date"":""4/2/2024"",""rating"":2164},{""date"":""5/2/2024"",""rating"":2189},{""date"":""6/2/2024"",""rating"":2214},{""date"":""7/2/2024"",""rating"":2239},{""date"":""8/2/2024"",""rating"":2264},{""date"":""9/2/2024"",""rating"":2289},{""date"":""10/2/2024"",""rating"":2314},{""date"":""11/2/2024"",""rating"":2339}]"
shaheus,2695,"[{""date"":""12/1/2024"",""rating"":2695},{""date"":""13/1/2024"",""rating"":2683},{""date"":""14/1/2024"",""rating"":2671},{""date"":""15/1/2024"",""rating"":2659},{""date"":""16/1/2024"",""rating"":2647},{""date"":""17/1/2024"",""rating"":2635},{""date"":""18/1/2024"",""rating"":2623},{""date"":""19/1/2024"",""rating"":2611},{""date"":""20/1/2024"",""rating"":2599},{""date"":""21/1/2024"",""rating"":2587},{""date"":""22/1/2024"",""rating"":2575},{""date"":""23/1/2024"",""rating"":2563},{""date"":""24/1/2024"",""rating"":2551},{""date"":""25/1/2024"",""rating"":2539},{""date"":""26/1/2024"",""rating"":2527},{""date"":""27/1/2024"",""rating"":2515},{""date"":""28/1/2024"",""rating"":2503},{""date"":""29/1/2024"",""rating"":2491},{""date"":""30/1/2024"",""rating"":2479},{""date"":""31/1/2024"",""rating"":2467},{""date"":""1/2/2024"",""rating"":2455},{""date"":""2/2/2024"",""rating"":2443},{""date"":""3/2/2024"",""rating"":2431},{""date"":""4/2/2024"",""rating"":2419},{""date"":""5/2/2024"",""rating"":2407},{""date"":""6/2/2024"",""rating"":2395},{""date"":""7/2/2024"",""rating"":2383},{""date"":""8/2/2024"",""rating"":2371},{""date"":""9/2/2024"",""rating"":2359},{""date"":""10/2/2024"",""rating"":2347},{""date"":""11/2/2024"",""rating"":2335}]"
tiger2505,1975,"[{""date"":""12/1/2024"",""rating"":1975},{""date"":""13/1/2024"",""rating"":1987},{""date"":""14/1/2024"",""rating"":1999},{""date"":""15/1/2024"",""rating"":2011},{""date"":""16/1/2024"",""rating"":2023},{""date"":""17/1/2024"",""rating"":2035},{""date"":""18/1/2024"",""rating"":2047},{""date"":""19/1/2024"",""rating"":2059},{""date"":""20/1/2024"",""rating"":2071},{""date"":""21/1/2024"",""rating"":2083},{""date"":""22/1/2024"",""rating"":2095},{""date"":""23/1/2024"",""rating"":2107},{""date"":""24/1/2024"",""rating"":2119},{""date"":""25/1/2024"",""rating"":2131},{""date"":""26/1/2024"",""rating"":2143},{""date"":""27/1/2024"",""rating"":2155},{""date"":""28/1/2024"",""rating"":2167},{""date"":""29/1/2024"",""rating"":2179},{""date"":""30/1/2024"",""rating"":2191},{""date"":""31/1/2024"",""rating"":2203},{""date"":""1/2/2024"",""rating"":2215},{""date"":""2/2/2024"",""rating"":2227},{""date"":""3/2/2024"",""rating"":2239},{""date"":""4/2/2024"",""rating"":2251},{""date"":""5/2/2024"",""rating"":2263},{""date"":""6/2/2024"",""rating"":2275},{""date"":""7/2/2024"",""rating"":2287},{""date"":""8/2/2024"",""rating"":2299},{""date"":""9/2/2024"",""rating"":2311},{""date"":""10/2/2024"",""rating"":2323},{""date"":""11/2/2024"",""rating"":2335}]"
robscat,2304,"[{""date"":""12/1/2024"",""rating"":2304},{""date"":""13/1/2024"",""rating"":2305},{""date"":""14/1/2024"",""rating"":2306},{""date"":""15/1/2024"",""rating"":2307},{""date"":""16/1/2024"",""rating"":2308},{""date"":""17/1/2024"",""rating"":2309},{""date"":""18/1/2024"",""rating"":2310},{""date"":""19/1/2024"",""rating"":2311},{""date"":""20/1/2024"",""rating"":2312},{""date"":""21/1/2024"",""rating"":2313},{""date"":""22/1/2024"",""rating"":2314},{""date"":""23/1/2024"",""rating"":2315},{""date"":""24/1/2024"",""rating"":2316},{""date"":""25/1/2024"",""rating"":2317},{""date"":""26/1/2024"",""rating"":2318},{""date"":""27/1/2024"",""rating"":2319},{""date"":""28/1/2024"",""rating"":2320},{""date"":""29/1/2024"",""rating"":2321},{""date"":""30/1/2024"",""rating"":2322},{""date"":""31/1/2024"",""rating"":2323},{""date"":""1/2/2024"",""rating"":2324},{""date"":""2/2/2024"",""rating"":2325},{""date"":""3/2/2024"",""rating"":2326},{""date"":""4/2/2024"",""rating"":2327},{""date"":""5/2/2024"",""rating"":2328},{""date"":""6/2/2024"",""rating"":2329},{""date"":""7/2/2024"",""rating"":2330},{""date"":""8/2/2024"",""rating"":2331},{""date"":""9/2/2024"",""rating"":2332},{""date"":""10/2/2024"",""rating"":2333},{""date"":""11/2/2024"",""rating"":2334}]"
susmate,2873,"[{""date"":""12/1/2024"",""rating"":2873},{""date"":""13/1/2024"",""rating"":2855},{""date"":""14/1/2024"",""rating"":2837},{""date"":""15/1/2024"",""rating"":2819},{""date"":""16/1/2024"",""rating"":2801},{""date"":""17/1/2024"",""rating"":2783},{""date"":""18/1/2024"",""rating"":2765},{""date"":""19/1/2024"",""rating"":2747},{""date"":""20/1/2024"",""rating"":2729},{""date"":""21/1/2024"",""rating"":2711},{""date"":""22/1/2024"",""rating"":2693},{""date"":""23/1/2024"",""rating"":2675},{""date"":""24/1/2024"",""rating"":2657},{""date"":""25/1/2024"",""rating"":2639},{""date"":""26/1/2024"",""rating"":2621},{""date"":""27/1/2024"",""rating"":2603},{""date"":""28/1/2024"",""rating"":2585},{""date"":""29/1/2024"",""rating"":2567},{""date"":""30/1/2024"",""rating"":2549},{""date"":""31/1/2024"",""rating"":2531},{""date"":""1/2/2024"",""rating"":2513},{""date"":""2/2/2024"",""rating"":2495},{""date"":""3/2/2024"",""rating"":2477},{""date"":""4/2/2024"",""rating"":2459},{""date"":""5/2/2024"",""rating"":2441},{""date"":""6/2/2024"",""rating"":2423},{""date"":""7/2/2024"",""rating"":2405},{""date"":""8/2/2024"",""rating"":2387},{""date"":""9/2/2024"",""rating"":2369},{""date"":""10/2/2024"",""rating"":2351},{""date"":""11/2/2024"",""rating"":2333}]"
pavaobjazevic,1670,"[{""date"":""12/1/2024"",""rating"":1670},{""date"":""13/1/2024"",""rating"":1692},{""date"":""14/1/2024"",""rating"":1714},{""date"":""15/1/2024"",""rating"":1736},{""date"":""16/1/2024"",""rating"":1758},{""date"":""17/1/2024"",""rating"":1780},{""date"":""18/1/2024"",""rating"":1802},{""date"":""19/1/2024"",""rating"":1824},{""date"":""20/1/2024"",""rating"":1846},{""date"":""21/1/2024"",""rating"":1868},{""date"":""22/1/2024"",""rating"":1890},{""date"":""23/1/2024"",""rating"":1912},{""date"":""24/1/2024"",""rating"":1934},{""date"":""25/1/2024"",""rating"":1956},{""date"":""26/1/2024"",""rating"":1978},{""date"":""27/1/2024"",""rating"":2000},{""date"":""28/1/2024"",""rating"":2022},{""date"":""29/1/2024"",""rating"":2044},{""date"":""30/1/2024"",""rating"":2066},{""date"":""31/1/2024"",""rating"":2088},{""date"":""1/2/2024"",""rating"":2110},{""date"":""2/2/2024"",""rating"":2132},{""date"":""3/2/2024"",""rating"":2154},{""date"":""4/2/2024"",""rating"":2176},{""date"":""5/2/2024"",""rating"":2198},{""date"":""6/2/2024"",""rating"":2220},{""date"":""7/2/2024"",""rating"":2242},{""date"":""8/2/2024"",""rating"":2264},{""date"":""9/2/2024"",""rating"":2286},{""date"":""10/2/2024"",""rating"":2308},{""date"":""11/2/2024"",""rating"":2330}]"
Super_BrainPower,3349,"[{""date"":""12/1/2024"",""rating"":3349},{""date"":""13/1/2024"",""rating"":3315},{""date"":""14/1/2024"",""rating"":3281},{""date"":""15/1/2024"",""rating"":3247},{""date"":""16/1/2024"",""rating"":3213},{""date"":""17/1/2024"",""rating"":3179},{""date"":""18/1/2024"",""rating"":3145},{""date"":""19/1/2024"",""rating"":3111},{""date"":""20/1/2024"",""rating"":3077},{""date"":""21/1/2024"",""rating"":3043},{""date"":""22/1/2024"",""rating"":3009},{""date"":""23/1/2024"",""rating"":2975},{""date"":""24/1/2024"",""rating"":2941},{""date"":""25/1/2024"",""rating"":2907},{""date"":""26/1/2024"",""rating"":2873},{""date"":""27/1/2024"",""rating"":2839},{""date"":""28/1/2024"",""rating"":2805},{""date"":""29/1/2024"",""rating"":2771},{""date"":""30/1/2024"",""rating"":2737},{""date"":""31/1/2024"",""rating"":2703},{""date"":""1/2/2024"",""rating"":2669},{""date"":""2/2/2024"",""rating"":2635},{""date"":""3/2/2024"",""rating"":2601},{""date"":""4/2/2024"",""rating"":2567},{""date"":""5/2/2024"",""rating"":2533},{""date"":""6/2/2024"",""rating"":2499},{""date"":""7/2/2024"",""rating"":2465},{""date"":""8/2/2024"",""rating"":2431},{""date"":""9/2/2024"",""rating"":2397},{""date"":""10/2/2024"",""rating"":2363},{""date"":""11/2/2024"",""rating"":2329}]"
